{"cameraMode":{"drawMode":0,"name":"Shaded","section":"Shading Mode"},"sceneLighting":true,"audioPlay":false,"sceneViewState":{"showFog":true,"showMaterialUpdate":false,"showSkybox":true,"showFlares":true,"showImageEffects":true,"showParticleSystems":true},"in2DMode":false,"pivot":{"x":2.400052070617676,"y":2.785820960998535,"z":0.08183813840150833},"rotation":{"x":-0.05333464592695236,"y":0.04312355816364288,"z":-0.0023074038326740267,"w":-0.9976537823677063},"size":4.246946811676025,"orthographic":false}