{"cameraMode":{"drawMode":0,"name":"Shaded","section":"Shading Mode"},"sceneLighting":false,"audioPlay":false,"sceneViewState":{"showFog":true,"showMaterialUpdate":false,"showSkybox":false,"showFlares":true,"showImageEffects":true,"showParticleSystems":true},"in2DMode":false,"pivot":{"x":1.4170000553131104,"y":0.4697098135948181,"z":-0.05404472351074219},"rotation":{"x":-0.05781039595603943,"y":-0.04820292070508003,"z":0.00279148668050766,"w":-0.9971689581871033},"size":0.8228617310523987,"orthographic":false}